key,protocol,product,symbol,chain,reserve,comparable,advertised_pct,realized_pct,gap_pct,delivered_pct,advertised_min_pct,advertised_p25_pct,advertised_median_pct,advertised_p75_pct,advertised_max_pct,advertised_spread_ratio,advertised_history_observations,spot_percentile,spot_is_representative,gap_vs_median_pct,delivered_vs_median_pct,advertised_basis,advertised_transform,realized_method,window_days,realized_from,realized_to,advertised_source_url,advertised_verbatim,captured_at,reason
kamino-lend-usdc,Kamino,Kamino Lend USDC (Main market),USDC,solana,D6q6wuQSrifJKZYpR1M8R4YawnLDtDsMmWM1NbBmgJ59,true,4.4512,4.9277,-0.4766,110.71,3.6051,3.919,4.3245,4.9711,14.4827,4.02,35,62.9,true,-0.6032,113.95,spot-apy,,issuer_share_price_history,30,2026-09-03T00:00:00.000Z,2026-10-03T00:00:00.000Z,https://api.kamino.finance/kamino-market/7u3HeHxYDLhnCoErrtycNokbQYbWGzLs6JSDqGAv5PfF/reserves/metrics,"""reserve"":""D6q6wuQSrifJKZYpR1M8R4YawnLDtDsMmWM1NbBmgJ59"",""liquidityToken"":""USDC"",""supplyApy"":""0.04451171077989868""",2026-10-03T12:05:17.599Z,
kamino-lend-usdg,Kamino,Kamino Lend USDG (Main market),USDG,solana,ESCkPWKHmgNE7Msf77n9yzqJd5kQVWWGy3o5Mgxhvavp,true,3.9214,4.5577,-0.6362,116.22,2.6675,3.8509,4.0468,4.3016,13.6793,5.13,35,31.4,true,-0.5109,112.63,spot-apy,,issuer_share_price_history,30,2026-09-03T00:00:00.000Z,2026-10-03T00:00:00.000Z,https://api.kamino.finance/kamino-market/7u3HeHxYDLhnCoErrtycNokbQYbWGzLs6JSDqGAv5PfF/reserves/metrics,"""reserve"":""ESCkPWKHmgNE7Msf77n9yzqJd5kQVWWGy3o5Mgxhvavp"",""liquidityToken"":""USDG"",""supplyApy"":""0.03921424098583026""",2026-10-03T12:05:18.174Z,
kamino-lend-pyusd,Kamino,Kamino Lend PYUSD (Main market),PYUSD,solana,2gc9Dm1eB6UgVYFBUN9bWks6Kes9PbWSaPaa9DqyvEiN,true,10.3779,3.3759,7.0019,32.53,1.3131,2.4994,3.3082,3.973,10.9613,8.35,35,97.1,false,-0.0677,102.05,spot-apy,,issuer_share_price_history,30,2026-09-03T00:00:00.000Z,2026-10-03T00:00:00.000Z,https://api.kamino.finance/kamino-market/7u3HeHxYDLhnCoErrtycNokbQYbWGzLs6JSDqGAv5PfF/reserves/metrics,"""reserve"":""2gc9Dm1eB6UgVYFBUN9bWks6Kes9PbWSaPaa9DqyvEiN"",""liquidityToken"":""PYUSD"",""supplyApy"":""0.10377878183497624""",2026-10-03T12:05:18.817Z,
kamino-lend-usdt,Kamino,Kamino Lend USDT (Main market),USDT,solana,H3t6qZ1JkguCNTi9uzVKqQ7dvt2cum4XiXWom6Gn5e5S,true,4.0356,3.3411,0.6945,82.79,1.8231,3.219,3.4471,3.6617,4.5,2.47,35,91.4,false,0.106,96.92,spot-apy,,issuer_share_price_history,30,2026-09-03T00:00:00.000Z,2026-10-03T00:00:00.000Z,https://api.kamino.finance/kamino-market/7u3HeHxYDLhnCoErrtycNokbQYbWGzLs6JSDqGAv5PfF/reserves/metrics,"""reserve"":""H3t6qZ1JkguCNTi9uzVKqQ7dvt2cum4XiXWom6Gn5e5S"",""liquidityToken"":""USDT"",""supplyApy"":""0.04035607487711612""",2026-10-03T12:05:19.419Z,
kamino-lend-usds,Kamino,Kamino Lend USDS (Main market),USDS,solana,BHUi32TrEsfN2U821G4FprKrR4hTeK4LCWtA3BFetuqA,true,3.9227,3.3888,0.534,86.39,3.1926,3.3382,3.3918,3.47,4.3027,1.35,35,94.3,false,0.003,99.91,spot-apy,,issuer_share_price_history,30,2026-09-03T00:00:00.000Z,2026-10-03T00:00:00.000Z,https://api.kamino.finance/kamino-market/7u3HeHxYDLhnCoErrtycNokbQYbWGzLs6JSDqGAv5PfF/reserves/metrics,"""reserve"":""BHUi32TrEsfN2U821G4FprKrR4hTeK4LCWtA3BFetuqA"",""liquidityToken"":""USDS"",""supplyApy"":""0.039227339654708926""",2026-10-03T12:05:19.964Z,
save-usdc,Save,Save USDC (Main pool),USDC,solana,BgxfHJDzm44T7XG68MYKx7YisTjZu73tVovyZSjJMpmw,true,3.02,3.3945,-0.3745,112.4,2.26,2.52,2.755,3.0075,3.69,1.63,62,76.6,false,-0.6395,123.21,spot-apy,,onchain_share_price,29.0131,2026-09-04T11:46:28.000Z,2026-10-03T12:05:21.000Z,https://api.save.finance/v1/reserves?ids=BgxfHJDzm44T7XG68MYKx7YisTjZu73tVovyZSjJMpmw,"""rates"":{""supplyInterest"":""3.02"",""borrowInterest"":""5.01""}",2026-10-03T12:05:21.150Z,
save-usdt,Save,Save USDT (Main pool),USDT,solana,8K9WC8xoh2rtQNY7iEGXtPvfbDCi563SdWhCAhuMP2xE,true,1.94,2.0009,-0.0609,103.14,1.34,1.44,1.71,1.855,2.1,1.57,62,88.7,false,-0.2909,117.01,spot-apy,,onchain_share_price,29.0131,2026-09-04T11:46:28.000Z,2026-10-03T12:05:21.000Z,https://api.save.finance/v1/reserves?ids=8K9WC8xoh2rtQNY7iEGXtPvfbDCi563SdWhCAhuMP2xE,"""rates"":{""supplyInterest"":""1.94"",""borrowInterest"":""4.25""}",2026-10-03T12:05:21.516Z,
jupiter-lend-usdc,Jupiter,Jupiter Lend Earn USDC,USDC,solana,9BEcn9aPEmhSPbPQeFGjidRiEKki46fVQDyPpSQXPA2D,true,3.6861,4.8171,-1.131,130.68,3.169,3.8028,4.3101,4.7045,5.8016,1.83,62,17.7,false,-0.507,111.76,spot-apy,"Jupiter publishes supplyRate as a simple annual rate in basis points. This board publishes its daily compounded equivalent, apy = ((1 + apr/365) ^ 365 - 1) * 100, so that it answers the same question as the compounded realized figure it is placed next to. The raw basis point value is quoted in advertised_verbatim.",issuer_share_price_observed,29.0131,2026-09-04T11:46:28.000Z,2026-10-03T12:05:22.000Z,https://lite-api.jup.ag/lend/v1/earn/tokens,"""symbol"":""jlUSDC"",""supplyRate"":""362"",""rewardsRate"":""36"",""totalRate"":""398""",2026-10-03T12:05:21.936Z,
jupiter-lend-jupusd,Jupiter,Jupiter Lend Earn JupUSD,JupUSD,solana,7GxATsNMnaC88vdwd2t3mwrFuQwwGvmYPrUQ4D6FotXk,true,3.6032,5.7276,-2.1244,158.96,3.5204,4.1902,4.4718,5.1162,9.0667,2.58,62,1.6,false,-1.2558,128.08,spot-apy,"Jupiter publishes supplyRate as a simple annual rate in basis points. This board publishes its daily compounded equivalent, apy = ((1 + apr/365) ^ 365 - 1) * 100, so that it answers the same question as the compounded realized figure it is placed next to. The raw basis point value is quoted in advertised_verbatim.",issuer_share_price_observed,29.0131,2026-09-04T11:46:29.000Z,2026-10-03T12:05:22.000Z,https://lite-api.jup.ag/lend/v1/earn/tokens,"""symbol"":""jlJupUSD"",""supplyRate"":""354"",""rewardsRate"":""0"",""totalRate"":""354""",2026-10-03T12:05:22.001Z,
jupiter-lend-usdt,Jupiter,Jupiter Lend Earn USDT,USDT,solana,Cmn4v2wipYV41dkakDvCgFJpxhtaaKt11NyWV8pjSE8A,true,3.9145,4.0923,-0.1778,104.54,3.1175,3.4919,3.8989,4.1902,5.4636,1.75,62,51.6,true,-0.1934,104.96,spot-apy,"Jupiter publishes supplyRate as a simple annual rate in basis points. This board publishes its daily compounded equivalent, apy = ((1 + apr/365) ^ 365 - 1) * 100, so that it answers the same question as the compounded realized figure it is placed next to. The raw basis point value is quoted in advertised_verbatim.",issuer_share_price_observed,29.0131,2026-09-04T11:46:29.000Z,2026-10-03T12:05:22.000Z,https://lite-api.jup.ag/lend/v1/earn/tokens,"""symbol"":""jlUSDT"",""supplyRate"":""384"",""rewardsRate"":""0"",""totalRate"":""384""",2026-10-03T12:05:22.072Z,
jupiter-lend-usds,Jupiter,Jupiter Lend Earn USDS,USDS,solana,j14XLJZSVMcUYpAfajdZRpnfHUpJieZHS4aPektLWvh,true,4.6862,4.8973,-0.2111,104.51,3.2619,3.5463,3.9457,4.749,5.5903,1.71,62,72.6,true,-0.9516,124.12,spot-apy,"Jupiter publishes supplyRate as a simple annual rate in basis points. This board publishes its daily compounded equivalent, apy = ((1 + apr/365) ^ 365 - 1) * 100, so that it answers the same question as the compounded realized figure it is placed next to. The raw basis point value is quoted in advertised_verbatim.",issuer_share_price_observed,29.0131,2026-09-04T11:46:29.000Z,2026-10-03T12:05:22.000Z,https://lite-api.jup.ag/lend/v1/earn/tokens,"""symbol"":""jlUSDS"",""supplyRate"":""458"",""rewardsRate"":""0"",""totalRate"":""458""",2026-10-03T12:05:22.148Z,
jupiter-lend-usdg,Jupiter,Jupiter Lend Earn USDG,USDG,solana,9fvHrYNw1A8Evpcj7X2yy4k4fT7nNHcA9L6UsamNHAif,true,4.0808,5.64,-1.5591,138.21,0.5616,4.2553,4.5293,5.1425,51.2956,91.34,62,19.4,false,-1.1107,124.52,spot-apy,"Jupiter publishes supplyRate as a simple annual rate in basis points. This board publishes its daily compounded equivalent, apy = ((1 + apr/365) ^ 365 - 1) * 100, so that it answers the same question as the compounded realized figure it is placed next to. The raw basis point value is quoted in advertised_verbatim.",issuer_share_price_observed,29.0131,2026-09-04T11:46:29.000Z,2026-10-03T12:05:22.000Z,https://lite-api.jup.ag/lend/v1/earn/tokens,"""symbol"":""jlUSDG"",""supplyRate"":""400"",""rewardsRate"":""0"",""totalRate"":""400""",2026-10-03T12:05:22.232Z,
jupiter-lend-eurc,Jupiter,Jupiter Lend Earn EURC,EURC,solana,GcV9tEj62VncGithz4o4N9x6HWXARxuRgEAYk9zahNA8,true,4.1746,3.8057,0.3688,91.17,2.7161,3.0608,3.7535,3.9534,5.0322,1.85,62,82.3,false,-0.0522,101.39,spot-apy,"Jupiter publishes supplyRate as a simple annual rate in basis points. This board publishes its daily compounded equivalent, apy = ((1 + apr/365) ^ 365 - 1) * 100, so that it answers the same question as the compounded realized figure it is placed next to. The raw basis point value is quoted in advertised_verbatim.",issuer_share_price_observed,29.0131,2026-09-04T11:46:29.000Z,2026-10-03T12:05:22.000Z,https://lite-api.jup.ag/lend/v1/earn/tokens,"""symbol"":""jlEURC"",""supplyRate"":""409"",""rewardsRate"":""0"",""totalRate"":""409""",2026-10-03T12:05:22.293Z,
